Program,Year,Period,Geo Level,State,State ANSI,Commodity,Data Item,Value
SURVEY,2023,JAN THRU MAR,STATE,TENNESSEE,47,MILK,"MILK - PRODUCTION, MEASURED IN LB","126,000,000"
SURVEY,2022,APR THRU JUN,STATE,TENNESSEE,47,MILK,"MILK - PRODUCTION, MEASURED IN LB","130,000,000"
SURVEY,2022,JAN THRU MAR,STATE,TENNESSEE,47,MILK,"MILK - PRODUCTION, MEASURED IN LB","126,000,000"
SURVEY,2022,JUL THRU SEP,STATE,TENNESSEE,47,MILK,"MILK - PRODUCTION, MEASURED IN LB","120,000,000"
SURVEY,2022,OCT THRU DEC,STATE,TENNESSEE,47,MILK,"MILK - PRODUCTION, MEASURED IN LB","118,000,000"
SURVEY,2022,YEAR,STATE,TENNESSEE,47,MILK,"MILK - PRODUCTION, MEASURED IN LB","494,000,000"
SURVEY,2021,APR THRU JUN,STATE,TENNESSEE,47,MILK,"MILK - PRODUCTION, MEASURED IN LB","136,000,000"
SURVEY,2021,JAN THRU MAR,STATE,TENNESSEE,47,MILK,"MILK - PRODUCTION, MEASURED IN LB","135,000,000"
SURVEY,2021,JUL THRU SEP,STATE,TENNESSEE,47,MILK,"MILK - PRODUCTION, MEASURED IN LB","119,000,000"
SURVEY,2021,OCT THRU DEC,STATE,TENNESSEE,47,MILK,"MILK - PRODUCTION, MEASURED IN LB","118,000,000"
SURVEY,2021,YEAR,STATE,TENNESSEE,47,MILK,"MILK - PRODUCTION, MEASURED IN LB","508,000,000"
SURVEY,2020,APR THRU JUN,STATE,TENNESSEE,47,MILK,"MILK - PRODUCTION, MEASURED IN LB","142,000,000"
SURVEY,2020,JAN THRU MAR,STATE,TENNESSEE,47,MILK,"MILK - PRODUCTION, MEASURED IN LB","145,000,000"
SURVEY,2020,JUL THRU SEP,STATE,TENNESSEE,47,MILK,"MILK - PRODUCTION, MEASURED IN LB","126,000,000"
SURVEY,2020,OCT THRU DEC,STATE,TENNESSEE,47,MILK,"MILK - PRODUCTION, MEASURED IN LB","129,000,000"
SURVEY,2020,YEAR,STATE,TENNESSEE,47,MILK,"MILK - PRODUCTION, MEASURED IN LB","542,000,000"
SURVEY,2019,APR THRU JUN,STATE,TENNESSEE,47,MILK,"MILK - PRODUCTION, MEASURED IN LB","145,000,000"
SURVEY,2019,JAN THRU MAR,STATE,TENNESSEE,47,MILK,"MILK - PRODUCTION, MEASURED IN LB","150,000,000"
SURVEY,2019,JUL THRU SEP,STATE,TENNESSEE,47,MILK,"MILK - PRODUCTION, MEASURED IN LB","126,000,000"
SURVEY,2019,OCT THRU DEC,STATE,TENNESSEE,47,MILK,"MILK - PRODUCTION, MEASURED IN LB","130,000,000"
SURVEY,2019,YEAR,STATE,TENNESSEE,47,MILK,"MILK - PRODUCTION, MEASURED IN LB","551,000,000"
SURVEY,2018,APR THRU JUN,STATE,TENNESSEE,47,MILK,"MILK - PRODUCTION, MEASURED IN LB","170,000,000"
SURVEY,2018,JAN THRU MAR,STATE,TENNESSEE,47,MILK,"MILK - PRODUCTION, MEASURED IN LB","178,000,000"
SURVEY,2018,JUL THRU SEP,STATE,TENNESSEE,47,MILK,"MILK - PRODUCTION, MEASURED IN LB","143,000,000"
SURVEY,2018,OCT THRU DEC,STATE,TENNESSEE,47,MILK,"MILK - PRODUCTION, MEASURED IN LB","143,000,000"
SURVEY,2018,YEAR,STATE,TENNESSEE,47,MILK,"MILK - PRODUCTION, MEASURED IN LB","634,000,000"
SURVEY,2017,APR THRU JUN,STATE,TENNESSEE,47,MILK,"MILK - PRODUCTION, MEASURED IN LB","183,000,000"
SURVEY,2017,JAN THRU MAR,STATE,TENNESSEE,47,MILK,"MILK - PRODUCTION, MEASURED IN LB","184,000,000"
SURVEY,2017,JUL THRU SEP,STATE,TENNESSEE,47,MILK,"MILK - PRODUCTION, MEASURED IN LB","158,000,000"
SURVEY,2017,OCT THRU DEC,STATE,TENNESSEE,47,MILK,"MILK - PRODUCTION, MEASURED IN LB","168,000,000"
SURVEY,2017,YEAR,STATE,TENNESSEE,47,MILK,"MILK - PRODUCTION, MEASURED IN LB","693,000,000"
SURVEY,2016,APR THRU JUN,STATE,TENNESSEE,47,MILK,"MILK - PRODUCTION, MEASURED IN LB","185,000,000"
SURVEY,2016,JAN THRU MAR,STATE,TENNESSEE,47,MILK,"MILK - PRODUCTION, MEASURED IN LB","187,000,000"
SURVEY,2016,JUL THRU SEP,STATE,TENNESSEE,47,MILK,"MILK - PRODUCTION, MEASURED IN LB","159,000,000"
SURVEY,2016,OCT THRU DEC,STATE,TENNESSEE,47,MILK,"MILK - PRODUCTION, MEASURED IN LB","165,000,000"
SURVEY,2016,YEAR,STATE,TENNESSEE,47,MILK,"MILK - PRODUCTION, MEASURED IN LB","696,000,000"
SURVEY,2015,APR THRU JUN,STATE,TENNESSEE,47,MILK,"MILK - PRODUCTION, MEASURED IN LB","199,000,000"
SURVEY,2015,JAN THRU MAR,STATE,TENNESSEE,47,MILK,"MILK - PRODUCTION, MEASURED IN LB","196,000,000"
SURVEY,2015,JUL THRU SEP,STATE,TENNESSEE,47,MILK,"MILK - PRODUCTION, MEASURED IN LB","172,000,000"
SURVEY,2015,OCT THRU DEC,STATE,TENNESSEE,47,MILK,"MILK - PRODUCTION, MEASURED IN LB","175,000,000"
SURVEY,2015,YEAR,STATE,TENNESSEE,47,MILK,"MILK - PRODUCTION, MEASURED IN LB","742,000,000"
SURVEY,2014,APR THRU JUN,STATE,TENNESSEE,47,MILK,"MILK - PRODUCTION, MEASURED IN LB","197,000,000"
SURVEY,2014,JAN THRU MAR,STATE,TENNESSEE,47,MILK,"MILK - PRODUCTION, MEASURED IN LB","188,000,000"
SURVEY,2014,JUL THRU SEP,STATE,TENNESSEE,47,MILK,"MILK - PRODUCTION, MEASURED IN LB","176,000,000"
SURVEY,2014,OCT THRU DEC,STATE,TENNESSEE,47,MILK,"MILK - PRODUCTION, MEASURED IN LB","184,000,000"
SURVEY,2014,YEAR,STATE,TENNESSEE,47,MILK,"MILK - PRODUCTION, MEASURED IN LB","745,000,000"
SURVEY,2013,APR THRU JUN,STATE,TENNESSEE,47,MILK,"MILK - PRODUCTION, MEASURED IN LB","202,000,000"
SURVEY,2013,JAN THRU MAR,STATE,TENNESSEE,47,MILK,"MILK - PRODUCTION, MEASURED IN LB","205,000,000"
SURVEY,2013,JUL THRU SEP,STATE,TENNESSEE,47,MILK,"MILK - PRODUCTION, MEASURED IN LB","176,000,000"
SURVEY,2013,OCT THRU DEC,STATE,TENNESSEE,47,MILK,"MILK - PRODUCTION, MEASURED IN LB","182,000,000"
SURVEY,2013,YEAR,STATE,TENNESSEE,47,MILK,"MILK - PRODUCTION, MEASURED IN LB","765,000,000"
SURVEY,2012,APR THRU JUN,STATE,TENNESSEE,47,MILK,"MILK - PRODUCTION, MEASURED IN LB","210,000,000"
SURVEY,2012,JAN THRU MAR,STATE,TENNESSEE,47,MILK,"MILK - PRODUCTION, MEASURED IN LB","222,000,000"
SURVEY,2012,JUL THRU SEP,STATE,TENNESSEE,47,MILK,"MILK - PRODUCTION, MEASURED IN LB","182,000,000"
SURVEY,2012,OCT THRU DEC,STATE,TENNESSEE,47,MILK,"MILK - PRODUCTION, MEASURED IN LB","191,000,000"
SURVEY,2012,YEAR,STATE,TENNESSEE,47,MILK,"MILK - PRODUCTION, MEASURED IN LB","805,000,000"
SURVEY,2011,APR THRU JUN,STATE,TENNESSEE,47,MILK,"MILK - PRODUCTION, MEASURED IN LB","212,000,000"
SURVEY,2011,JAN THRU MAR,STATE,TENNESSEE,47,MILK,"MILK - PRODUCTION, MEASURED IN LB","216,000,000"
SURVEY,2011,JUL THRU SEP,STATE,TENNESSEE,47,MILK,"MILK - PRODUCTION, MEASURED IN LB","182,000,000"
SURVEY,2011,OCT THRU DEC,STATE,TENNESSEE,47,MILK,"MILK - PRODUCTION, MEASURED IN LB","200,000,000"
SURVEY,2011,YEAR,STATE,TENNESSEE,47,MILK,"MILK - PRODUCTION, MEASURED IN LB","810,000,000"
SURVEY,2010,APR THRU JUN,STATE,TENNESSEE,47,MILK,"MILK - PRODUCTION, MEASURED IN LB","232,000,000"
SURVEY,2010,JAN THRU MAR,STATE,TENNESSEE,47,MILK,"MILK - PRODUCTION, MEASURED IN LB","222,000,000"
SURVEY,2010,JUL THRU SEP,STATE,TENNESSEE,47,MILK,"MILK - PRODUCTION, MEASURED IN LB","194,000,000"
SURVEY,2010,OCT THRU DEC,STATE,TENNESSEE,47,MILK,"MILK - PRODUCTION, MEASURED IN LB","202,000,000"
SURVEY,2010,YEAR,STATE,TENNESSEE,47,MILK,"MILK - PRODUCTION, MEASURED IN LB","850,000,000"
SURVEY,2009,APR THRU JUN,STATE,TENNESSEE,47,MILK,"MILK - PRODUCTION, MEASURED IN LB","246,000,000"
SURVEY,2009,JAN THRU MAR,STATE,TENNESSEE,47,MILK,"MILK - PRODUCTION, MEASURED IN LB","244,000,000"
SURVEY,2009,JUL THRU SEP,STATE,TENNESSEE,47,MILK,"MILK - PRODUCTION, MEASURED IN LB","210,000,000"
SURVEY,2009,OCT THRU DEC,STATE,TENNESSEE,47,MILK,"MILK - PRODUCTION, MEASURED IN LB","209,000,000"
SURVEY,2009,YEAR,STATE,TENNESSEE,47,MILK,"MILK - PRODUCTION, MEASURED IN LB","909,000,000"
SURVEY,2008,APR THRU JUN,STATE,TENNESSEE,47,MILK,"MILK - PRODUCTION, MEASURED IN LB","255,000,000"
SURVEY,2008,JAN THRU MAR,STATE,TENNESSEE,47,MILK,"MILK - PRODUCTION, MEASURED IN LB","256,000,000"
SURVEY,2008,JUL THRU SEP,STATE,TENNESSEE,47,MILK,"MILK - PRODUCTION, MEASURED IN LB","212,000,000"
SURVEY,2008,OCT THRU DEC,STATE,TENNESSEE,47,MILK,"MILK - PRODUCTION, MEASURED IN LB","225,000,000"
SURVEY,2008,YEAR,STATE,TENNESSEE,47,MILK,"MILK - PRODUCTION, MEASURED IN LB","948,000,000"
SURVEY,2007,APR THRU JUN,STATE,TENNESSEE,47,MILK,"MILK - PRODUCTION, MEASURED IN LB","272,000,000"
SURVEY,2007,JAN THRU MAR,STATE,TENNESSEE,47,MILK,"MILK - PRODUCTION, MEASURED IN LB","270,000,000"
SURVEY,2007,JUL THRU SEP,STATE,TENNESSEE,47,MILK,"MILK - PRODUCTION, MEASURED IN LB","224,000,000"
SURVEY,2007,OCT THRU DEC,STATE,TENNESSEE,47,MILK,"MILK - PRODUCTION, MEASURED IN LB","233,000,000"
SURVEY,2007,YEAR,STATE,TENNESSEE,47,MILK,"MILK - PRODUCTION, MEASURED IN LB","999,000,000"
SURVEY,2006,APR THRU JUN,STATE,TENNESSEE,47,MILK,"MILK - PRODUCTION, MEASURED IN LB","284,000,000"
SURVEY,2006,JAN THRU MAR,STATE,TENNESSEE,47,MILK,"MILK - PRODUCTION, MEASURED IN LB","284,000,000"
SURVEY,2006,JUL THRU SEP,STATE,TENNESSEE,47,MILK,"MILK - PRODUCTION, MEASURED IN LB","233,000,000"
SURVEY,2006,OCT THRU DEC,STATE,TENNESSEE,47,MILK,"MILK - PRODUCTION, MEASURED IN LB","248,000,000"
SURVEY,2006,YEAR,STATE,TENNESSEE,47,MILK,"MILK - PRODUCTION, MEASURED IN LB","1,049,000,000"
SURVEY,2005,APR THRU JUN,STATE,TENNESSEE,47,MILK,"MILK - PRODUCTION, MEASURED IN LB","300,000,000"
SURVEY,2005,JAN THRU MAR,STATE,TENNESSEE,47,MILK,"MILK - PRODUCTION, MEASURED IN LB","295,000,000"
SURVEY,2005,JUL THRU SEP,STATE,TENNESSEE,47,MILK,"MILK - PRODUCTION, MEASURED IN LB","250,000,000"
SURVEY,2005,OCT THRU DEC,STATE,TENNESSEE,47,MILK,"MILK - PRODUCTION, MEASURED IN LB","257,000,000"
SURVEY,2005,YEAR,STATE,TENNESSEE,47,MILK,"MILK - PRODUCTION, MEASURED IN LB","1,102,000,000"
SURVEY,2004,APR THRU JUN,STATE,TENNESSEE,47,MILK,"MILK - PRODUCTION, MEASURED IN LB","310,000,000"
SURVEY,2004,JAN THRU MAR,STATE,TENNESSEE,47,MILK,"MILK - PRODUCTION, MEASURED IN LB","310,000,000"
SURVEY,2004,JUL THRU SEP,STATE,TENNESSEE,47,MILK,"MILK - PRODUCTION, MEASURED IN LB","265,000,000"
SURVEY,2004,OCT THRU DEC,STATE,TENNESSEE,47,MILK,"MILK - PRODUCTION, MEASURED IN LB","270,000,000"
SURVEY,2004,YEAR,STATE,TENNESSEE,47,MILK,"MILK - PRODUCTION, MEASURED IN LB","1,155,000,000"
SURVEY,2003,APR THRU JUN,STATE,TENNESSEE,47,MILK,"MILK - PRODUCTION, MEASURED IN LB","325,000,000"
SURVEY,2003,JAN THRU MAR,STATE,TENNESSEE,47,MILK,"MILK - PRODUCTION, MEASURED IN LB","325,000,000"
SURVEY,2003,JUL THRU SEP,STATE,TENNESSEE,47,MILK,"MILK - PRODUCTION, MEASURED IN LB","270,000,000"
SURVEY,2003,OCT THRU DEC,STATE,TENNESSEE,47,MILK,"MILK - PRODUCTION, MEASURED IN LB","285,000,000"
SURVEY,2003,YEAR,STATE,TENNESSEE,47,MILK,"MILK - PRODUCTION, MEASURED IN LB","1,205,000,000"
SURVEY,2002,APR THRU JUN,STATE,TENNESSEE,47,MILK,"MILK - PRODUCTION, MEASURED IN LB","360,000,000"
SURVEY,2002,JAN THRU MAR,STATE,TENNESSEE,47,MILK,"MILK - PRODUCTION, MEASURED IN LB","350,000,000"
SURVEY,2002,JUL THRU SEP,STATE,TENNESSEE,47,MILK,"MILK - PRODUCTION, MEASURED IN LB","300,000,000"
SURVEY,2002,OCT THRU DEC,STATE,TENNESSEE,47,MILK,"MILK - PRODUCTION, MEASURED IN LB","305,000,000"
SURVEY,2002,YEAR,STATE,TENNESSEE,47,MILK,"MILK - PRODUCTION, MEASURED IN LB","1,315,000,000"
SURVEY,2001,APR THRU JUN,STATE,TENNESSEE,47,MILK,"MILK - PRODUCTION, MEASURED IN LB","355,000,000"
SURVEY,2001,JAN THRU MAR,STATE,TENNESSEE,47,MILK,"MILK - PRODUCTION, MEASURED IN LB","355,000,000"
SURVEY,2001,JUL THRU SEP,STATE,TENNESSEE,47,MILK,"MILK - PRODUCTION, MEASURED IN LB","305,000,000"
SURVEY,2001,OCT THRU DEC,STATE,TENNESSEE,47,MILK,"MILK - PRODUCTION, MEASURED IN LB","320,000,000"
SURVEY,2001,YEAR,STATE,TENNESSEE,47,MILK,"MILK - PRODUCTION, MEASURED IN LB","1,335,000,000"
SURVEY,2000,APR THRU JUN,STATE,TENNESSEE,47,MILK,"MILK - PRODUCTION, MEASURED IN LB","365,000,000"
SURVEY,2000,JAN THRU MAR,STATE,TENNESSEE,47,MILK,"MILK - PRODUCTION, MEASURED IN LB","380,000,000"
SURVEY,2000,JUL THRU SEP,STATE,TENNESSEE,47,MILK,"MILK - PRODUCTION, MEASURED IN LB","320,000,000"
SURVEY,2000,OCT THRU DEC,STATE,TENNESSEE,47,MILK,"MILK - PRODUCTION, MEASURED IN LB","340,000,000"
SURVEY,2000,YEAR,STATE,TENNESSEE,47,MILK,"MILK - PRODUCTION, MEASURED IN LB","1,405,000,000"
SURVEY,1999,APR THRU JUN,STATE,TENNESSEE,47,MILK,"MILK - PRODUCTION, MEASURED IN LB","373,000,000"
SURVEY,1999,JAN THRU MAR,STATE,TENNESSEE,47,MILK,"MILK - PRODUCTION, MEASURED IN LB","379,000,000"
SURVEY,1999,JUL THRU SEP,STATE,TENNESSEE,47,MILK,"MILK - PRODUCTION, MEASURED IN LB","320,000,000"
SURVEY,1999,OCT THRU DEC,STATE,TENNESSEE,47,MILK,"MILK - PRODUCTION, MEASURED IN LB","345,000,000"
SURVEY,1999,YEAR,STATE,TENNESSEE,47,MILK,"MILK - PRODUCTION, MEASURED IN LB","1,417,000,000"
SURVEY,1998,APR THRU JUN,STATE,TENNESSEE,47,MILK,"MILK - PRODUCTION, MEASURED IN LB","399,000,000"
SURVEY,1998,JAN THRU MAR,STATE,TENNESSEE,47,MILK,"MILK - PRODUCTION, MEASURED IN LB","401,000,000"
SURVEY,1998,JUL THRU SEP,STATE,TENNESSEE,47,MILK,"MILK - PRODUCTION, MEASURED IN LB","344,000,000"
SURVEY,1998,OCT THRU DEC,STATE,TENNESSEE,47,MILK,"MILK - PRODUCTION, MEASURED IN LB","357,000,000"
SURVEY,1998,YEAR,STATE,TENNESSEE,47,MILK,"MILK - PRODUCTION, MEASURED IN LB","1,501,000,000"
SURVEY,1997,APR THRU JUN,STATE,TENNESSEE,47,MILK,"MILK - PRODUCTION, MEASURED IN LB","426,000,000"
SURVEY,1997,JAN THRU MAR,STATE,TENNESSEE,47,MILK,"MILK - PRODUCTION, MEASURED IN LB","426,000,000"
SURVEY,1997,JUL THRU SEP,STATE,TENNESSEE,47,MILK,"MILK - PRODUCTION, MEASURED IN LB","377,000,000"
SURVEY,1997,OCT THRU DEC,STATE,TENNESSEE,47,MILK,"MILK - PRODUCTION, MEASURED IN LB","380,000,000"
SURVEY,1997,YEAR,STATE,TENNESSEE,47,MILK,"MILK - PRODUCTION, MEASURED IN LB","1,609,000,000"
SURVEY,1996,APR THRU JUN,STATE,TENNESSEE,47,MILK,"MILK - PRODUCTION, MEASURED IN LB","428,000,000"
SURVEY,1996,JAN THRU MAR,STATE,TENNESSEE,47,MILK,"MILK - PRODUCTION, MEASURED IN LB","433,000,000"
SURVEY,1996,JUL THRU SEP,STATE,TENNESSEE,47,MILK,"MILK - PRODUCTION, MEASURED IN LB","368,000,000"
SURVEY,1996,OCT THRU DEC,STATE,TENNESSEE,47,MILK,"MILK - PRODUCTION, MEASURED IN LB","401,000,000"
SURVEY,1996,YEAR,STATE,TENNESSEE,47,MILK,"MILK - PRODUCTION, MEASURED IN LB","1,630,000,000"
SURVEY,1995,APR THRU JUN,STATE,TENNESSEE,47,MILK,"MILK - PRODUCTION, MEASURED IN LB","468,000,000"
SURVEY,1995,JAN THRU MAR,STATE,TENNESSEE,47,MILK,"MILK - PRODUCTION, MEASURED IN LB","462,000,000"
SURVEY,1995,JUL THRU SEP,STATE,TENNESSEE,47,MILK,"MILK - PRODUCTION, MEASURED IN LB","401,000,000"
SURVEY,1995,OCT THRU DEC,STATE,TENNESSEE,47,MILK,"MILK - PRODUCTION, MEASURED IN LB","414,000,000"
SURVEY,1995,YEAR,STATE,TENNESSEE,47,MILK,"MILK - PRODUCTION, MEASURED IN LB","1,745,000,000"
SURVEY,1994,APR THRU JUN,STATE,TENNESSEE,47,MILK,"MILK - PRODUCTION, MEASURED IN LB","465,000,000"
SURVEY,1994,JAN THRU MAR,STATE,TENNESSEE,47,MILK,"MILK - PRODUCTION, MEASURED IN LB","470,000,000"
SURVEY,1994,JUL THRU SEP,STATE,TENNESSEE,47,MILK,"MILK - PRODUCTION, MEASURED IN LB","425,000,000"
SURVEY,1994,OCT THRU DEC,STATE,TENNESSEE,47,MILK,"MILK - PRODUCTION, MEASURED IN LB","452,000,000"
SURVEY,1994,YEAR,STATE,TENNESSEE,47,MILK,"MILK - PRODUCTION, MEASURED IN LB","1,812,000,000"
SURVEY,1993,APR THRU JUN,STATE,TENNESSEE,47,MILK,"MILK - PRODUCTION, MEASURED IN LB","497,000,000"
SURVEY,1993,JAN THRU MAR,STATE,TENNESSEE,47,MILK,"MILK - PRODUCTION, MEASURED IN LB","486,000,000"
SURVEY,1993,JUL THRU SEP,STATE,TENNESSEE,47,MILK,"MILK - PRODUCTION, MEASURED IN LB","446,000,000"
SURVEY,1993,OCT THRU DEC,STATE,TENNESSEE,47,MILK,"MILK - PRODUCTION, MEASURED IN LB","468,000,000"
SURVEY,1993,YEAR,STATE,TENNESSEE,47,MILK,"MILK - PRODUCTION, MEASURED IN LB","1,897,000,000"
SURVEY,1992,APR,STATE,TENNESSEE,47,MILK,"MILK - PRODUCTION, MEASURED IN LB","171,000,000"
SURVEY,1992,APR THRU JUN,STATE,TENNESSEE,47,MILK,"MILK - PRODUCTION, MEASURED IN LB","508,000,000"
SURVEY,1992,AUG,STATE,TENNESSEE,47,MILK,"MILK - PRODUCTION, MEASURED IN LB","164,000,000"
SURVEY,1992,DEC,STATE,TENNESSEE,47,MILK,"MILK - PRODUCTION, MEASURED IN LB","162,000,000"
SURVEY,1992,FEB,STATE,TENNESSEE,47,MILK,"MILK - PRODUCTION, MEASURED IN LB","157,000,000"
SURVEY,1992,JAN,STATE,TENNESSEE,47,MILK,"MILK - PRODUCTION, MEASURED IN LB","162,000,000"
SURVEY,1992,JAN THRU MAR,STATE,TENNESSEE,47,MILK,"MILK - PRODUCTION, MEASURED IN LB","485,000,000"
SURVEY,1992,JUL,STATE,TENNESSEE,47,MILK,"MILK - PRODUCTION, MEASURED IN LB","162,000,000"
SURVEY,1992,JUL THRU SEP,STATE,TENNESSEE,47,MILK,"MILK - PRODUCTION, MEASURED IN LB","489,000,000"
SURVEY,1992,JUN,STATE,TENNESSEE,47,MILK,"MILK - PRODUCTION, MEASURED IN LB","164,000,000"
SURVEY,1992,MAR,STATE,TENNESSEE,47,MILK,"MILK - PRODUCTION, MEASURED IN LB","166,000,000"
SURVEY,1992,MAY,STATE,TENNESSEE,47,MILK,"MILK - PRODUCTION, MEASURED IN LB","173,000,000"
SURVEY,1992,NOV,STATE,TENNESSEE,47,MILK,"MILK - PRODUCTION, MEASURED IN LB","162,000,000"
SURVEY,1992,OCT,STATE,TENNESSEE,47,MILK,"MILK - PRODUCTION, MEASURED IN LB","162,000,000"
SURVEY,1992,OCT THRU DEC,STATE,TENNESSEE,47,MILK,"MILK - PRODUCTION, MEASURED IN LB","486,000,000"
SURVEY,1992,SEP,STATE,TENNESSEE,47,MILK,"MILK - PRODUCTION, MEASURED IN LB","163,000,000"
SURVEY,1992,YEAR,STATE,TENNESSEE,47,MILK,"MILK - PRODUCTION, MEASURED IN LB","1,968,000,000"
SURVEY,1991,APR,STATE,TENNESSEE,47,MILK,"MILK - PRODUCTION, MEASURED IN LB","179,000,000"
SURVEY,1991,APR THRU JUN,STATE,TENNESSEE,47,MILK,"MILK - PRODUCTION, MEASURED IN LB","523,000,000"
SURVEY,1991,AUG,STATE,TENNESSEE,47,MILK,"MILK - PRODUCTION, MEASURED IN LB","163,000,000"
SURVEY,1991,DEC,STATE,TENNESSEE,47,MILK,"MILK - PRODUCTION, MEASURED IN LB","162,000,000"
SURVEY,1991,FEB,STATE,TENNESSEE,47,MILK,"MILK - PRODUCTION, MEASURED IN LB","161,000,000"
SURVEY,1991,JAN,STATE,TENNESSEE,47,MILK,"MILK - PRODUCTION, MEASURED IN LB","160,000,000"
SURVEY,1991,JAN THRU MAR,STATE,TENNESSEE,47,MILK,"MILK - PRODUCTION, MEASURED IN LB","492,000,000"
SURVEY,1991,JUL,STATE,TENNESSEE,47,MILK,"MILK - PRODUCTION, MEASURED IN LB","164,000,000"
SURVEY,1991,JUL THRU SEP,STATE,TENNESSEE,47,MILK,"MILK - PRODUCTION, MEASURED IN LB","491,000,000"
SURVEY,1991,JUN,STATE,TENNESSEE,47,MILK,"MILK - PRODUCTION, MEASURED IN LB","164,000,000"
SURVEY,1991,MAR,STATE,TENNESSEE,47,MILK,"MILK - PRODUCTION, MEASURED IN LB","171,000,000"
SURVEY,1991,MAY,STATE,TENNESSEE,47,MILK,"MILK - PRODUCTION, MEASURED IN LB","180,000,000"
SURVEY,1991,NOV,STATE,TENNESSEE,47,MILK,"MILK - PRODUCTION, MEASURED IN LB","160,000,000"
SURVEY,1991,OCT,STATE,TENNESSEE,47,MILK,"MILK - PRODUCTION, MEASURED IN LB","165,000,000"
SURVEY,1991,OCT THRU DEC,STATE,TENNESSEE,47,MILK,"MILK - PRODUCTION, MEASURED IN LB","487,000,000"
SURVEY,1991,SEP,STATE,TENNESSEE,47,MILK,"MILK - PRODUCTION, MEASURED IN LB","164,000,000"
SURVEY,1991,YEAR,STATE,TENNESSEE,47,MILK,"MILK - PRODUCTION, MEASURED IN LB","1,993,000,000"
SURVEY,1990,APR,STATE,TENNESSEE,47,MILK,"MILK - PRODUCTION, MEASURED IN LB","182,000,000"
SURVEY,1990,APR THRU JUN,STATE,TENNESSEE,47,MILK,"MILK - PRODUCTION, MEASURED IN LB","533,000,000"
SURVEY,1990,AUG,STATE,TENNESSEE,47,MILK,"MILK - PRODUCTION, MEASURED IN LB","169,000,000"
SURVEY,1990,DEC,STATE,TENNESSEE,47,MILK,"MILK - PRODUCTION, MEASURED IN LB","167,000,000"
SURVEY,1990,FEB,STATE,TENNESSEE,47,MILK,"MILK - PRODUCTION, MEASURED IN LB","161,000,000"
SURVEY,1990,JAN,STATE,TENNESSEE,47,MILK,"MILK - PRODUCTION, MEASURED IN LB","162,000,000"
SURVEY,1990,JAN THRU MAR,STATE,TENNESSEE,47,MILK,"MILK - PRODUCTION, MEASURED IN LB","493,000,000"
SURVEY,1990,JUL,STATE,TENNESSEE,47,MILK,"MILK - PRODUCTION, MEASURED IN LB","169,000,000"
SURVEY,1990,JUL THRU SEP,STATE,TENNESSEE,47,MILK,"MILK - PRODUCTION, MEASURED IN LB","503,000,000"
SURVEY,1990,JUN,STATE,TENNESSEE,47,MILK,"MILK - PRODUCTION, MEASURED IN LB","171,000,000"
SURVEY,1990,MAR,STATE,TENNESSEE,47,MILK,"MILK - PRODUCTION, MEASURED IN LB","170,000,000"
SURVEY,1990,MAY,STATE,TENNESSEE,47,MILK,"MILK - PRODUCTION, MEASURED IN LB","180,000,000"
SURVEY,1990,NOV,STATE,TENNESSEE,47,MILK,"MILK - PRODUCTION, MEASURED IN LB","162,000,000"
SURVEY,1990,OCT,STATE,TENNESSEE,47,MILK,"MILK - PRODUCTION, MEASURED IN LB","164,000,000"
SURVEY,1990,OCT THRU DEC,STATE,TENNESSEE,47,MILK,"MILK - PRODUCTION, MEASURED IN LB","493,000,000"
SURVEY,1990,SEP,STATE,TENNESSEE,47,MILK,"MILK - PRODUCTION, MEASURED IN LB","165,000,000"
SURVEY,1990,YEAR,STATE,TENNESSEE,47,MILK,"MILK - PRODUCTION, MEASURED IN LB","2,022,000,000"
SURVEY,1989,APR,STATE,TENNESSEE,47,MILK,"MILK - PRODUCTION, MEASURED IN LB","181,000,000"
SURVEY,1989,APR THRU JUN,STATE,TENNESSEE,47,MILK,"MILK - PRODUCTION, MEASURED IN LB","530,000,000"
SURVEY,1989,AUG,STATE,TENNESSEE,47,MILK,"MILK - PRODUCTION, MEASURED IN LB","167,000,000"
SURVEY,1989,DEC,STATE,TENNESSEE,47,MILK,"MILK - PRODUCTION, MEASURED IN LB","169,000,000"
SURVEY,1989,FEB,STATE,TENNESSEE,47,MILK,"MILK - PRODUCTION, MEASURED IN LB","164,000,000"
SURVEY,1989,JAN,STATE,TENNESSEE,47,MILK,"MILK - PRODUCTION, MEASURED IN LB","170,000,000"
SURVEY,1989,JAN THRU MAR,STATE,TENNESSEE,47,MILK,"MILK - PRODUCTION, MEASURED IN LB","511,000,000"
SURVEY,1989,JUL,STATE,TENNESSEE,47,MILK,"MILK - PRODUCTION, MEASURED IN LB","165,000,000"
SURVEY,1989,JUL THRU SEP,STATE,TENNESSEE,47,MILK,"MILK - PRODUCTION, MEASURED IN LB","497,000,000"
SURVEY,1989,JUN,STATE,TENNESSEE,47,MILK,"MILK - PRODUCTION, MEASURED IN LB","169,000,000"
SURVEY,1989,MAR,STATE,TENNESSEE,47,MILK,"MILK - PRODUCTION, MEASURED IN LB","177,000,000"
SURVEY,1989,MAY,STATE,TENNESSEE,47,MILK,"MILK - PRODUCTION, MEASURED IN LB","180,000,000"
SURVEY,1989,NOV,STATE,TENNESSEE,47,MILK,"MILK - PRODUCTION, MEASURED IN LB","166,000,000"
SURVEY,1989,OCT,STATE,TENNESSEE,47,MILK,"MILK - PRODUCTION, MEASURED IN LB","167,000,000"
SURVEY,1989,OCT THRU DEC,STATE,TENNESSEE,47,MILK,"MILK - PRODUCTION, MEASURED IN LB","502,000,000"
SURVEY,1989,SEP,STATE,TENNESSEE,47,MILK,"MILK - PRODUCTION, MEASURED IN LB","165,000,000"
SURVEY,1989,YEAR,STATE,TENNESSEE,47,MILK,"MILK - PRODUCTION, MEASURED IN LB","2,040,000,000"
SURVEY,1988,APR,STATE,TENNESSEE,47,MILK,"MILK - PRODUCTION, MEASURED IN LB","187,000,000"
SURVEY,1988,APR THRU JUN,STATE,TENNESSEE,47,MILK,"MILK - PRODUCTION, MEASURED IN LB","560,000,000"
SURVEY,1988,AUG,STATE,TENNESSEE,47,MILK,"MILK - PRODUCTION, MEASURED IN LB","173,000,000"
SURVEY,1988,DEC,STATE,TENNESSEE,47,MILK,"MILK - PRODUCTION, MEASURED IN LB","172,000,000"
SURVEY,1988,FEB,STATE,TENNESSEE,47,MILK,"MILK - PRODUCTION, MEASURED IN LB","173,000,000"
SURVEY,1988,JAN,STATE,TENNESSEE,47,MILK,"MILK - PRODUCTION, MEASURED IN LB","178,000,000"
SURVEY,1988,JAN THRU MAR,STATE,TENNESSEE,47,MILK,"MILK - PRODUCTION, MEASURED IN LB","533,000,000"
SURVEY,1988,JUL,STATE,TENNESSEE,47,MILK,"MILK - PRODUCTION, MEASURED IN LB","176,000,000"
SURVEY,1988,JUL THRU SEP,STATE,TENNESSEE,47,MILK,"MILK - PRODUCTION, MEASURED IN LB","523,000,000"
SURVEY,1988,JUN,STATE,TENNESSEE,47,MILK,"MILK - PRODUCTION, MEASURED IN LB","182,000,000"
SURVEY,1988,MAR,STATE,TENNESSEE,47,MILK,"MILK - PRODUCTION, MEASURED IN LB","182,000,000"
SURVEY,1988,MAY,STATE,TENNESSEE,47,MILK,"MILK - PRODUCTION, MEASURED IN LB","191,000,000"
SURVEY,1988,NOV,STATE,TENNESSEE,47,MILK,"MILK - PRODUCTION, MEASURED IN LB","173,000,000"
SURVEY,1988,OCT,STATE,TENNESSEE,47,MILK,"MILK - PRODUCTION, MEASURED IN LB","176,000,000"
SURVEY,1988,OCT THRU DEC,STATE,TENNESSEE,47,MILK,"MILK - PRODUCTION, MEASURED IN LB","521,000,000"
SURVEY,1988,SEP,STATE,TENNESSEE,47,MILK,"MILK - PRODUCTION, MEASURED IN LB","174,000,000"
SURVEY,1988,YEAR,STATE,TENNESSEE,47,MILK,"MILK - PRODUCTION, MEASURED IN LB","2,137,000,000"
SURVEY,1987,APR,STATE,TENNESSEE,47,MILK,"MILK - PRODUCTION, MEASURED IN LB","199,000,000"
SURVEY,1987,APR THRU JUN,STATE,TENNESSEE,47,MILK,"MILK - PRODUCTION, MEASURED IN LB","585,000,000"
SURVEY,1987,AUG,STATE,TENNESSEE,47,MILK,"MILK - PRODUCTION, MEASURED IN LB","184,000,000"
SURVEY,1987,DEC,STATE,TENNESSEE,47,MILK,"MILK - PRODUCTION, MEASURED IN LB","184,000,000"
SURVEY,1987,FEB,STATE,TENNESSEE,47,MILK,"MILK - PRODUCTION, MEASURED IN LB","162,000,000"
SURVEY,1987,JAN,STATE,TENNESSEE,47,MILK,"MILK - PRODUCTION, MEASURED IN LB","175,000,000"
SURVEY,1987,JAN THRU MAR,STATE,TENNESSEE,47,MILK,"MILK - PRODUCTION, MEASURED IN LB","524,000,000"
SURVEY,1987,JUL,STATE,TENNESSEE,47,MILK,"MILK - PRODUCTION, MEASURED IN LB","185,000,000"
SURVEY,1987,JUL THRU SEP,STATE,TENNESSEE,47,MILK,"MILK - PRODUCTION, MEASURED IN LB","553,000,000"
SURVEY,1987,JUN,STATE,TENNESSEE,47,MILK,"MILK - PRODUCTION, MEASURED IN LB","189,000,000"
SURVEY,1987,MAR,STATE,TENNESSEE,47,MILK,"MILK - PRODUCTION, MEASURED IN LB","187,000,000"
SURVEY,1987,MAY,STATE,TENNESSEE,47,MILK,"MILK - PRODUCTION, MEASURED IN LB","197,000,000"
SURVEY,1987,NOV,STATE,TENNESSEE,47,MILK,"MILK - PRODUCTION, MEASURED IN LB","174,000,000"
SURVEY,1987,OCT,STATE,TENNESSEE,47,MILK,"MILK - PRODUCTION, MEASURED IN LB","187,000,000"
SURVEY,1987,OCT THRU DEC,STATE,TENNESSEE,47,MILK,"MILK - PRODUCTION, MEASURED IN LB","545,000,000"
SURVEY,1987,SEP,STATE,TENNESSEE,47,MILK,"MILK - PRODUCTION, MEASURED IN LB","184,000,000"
SURVEY,1987,YEAR,STATE,TENNESSEE,47,MILK,"MILK - PRODUCTION, MEASURED IN LB","2,207,000,000"
SURVEY,1986,APR,STATE,TENNESSEE,47,MILK,"MILK - PRODUCTION, MEASURED IN LB","204,000,000"
SURVEY,1986,APR THRU JUN,STATE,TENNESSEE,47,MILK,"MILK - PRODUCTION, MEASURED IN LB","603,000,000"
SURVEY,1986,AUG,STATE,TENNESSEE,47,MILK,"MILK - PRODUCTION, MEASURED IN LB","187,000,000"
SURVEY,1986,DEC,STATE,TENNESSEE,47,MILK,"MILK - PRODUCTION, MEASURED IN LB","175,000,000"
SURVEY,1986,FEB,STATE,TENNESSEE,47,MILK,"MILK - PRODUCTION, MEASURED IN LB","166,000,000"
SURVEY,1986,JAN,STATE,TENNESSEE,47,MILK,"MILK - PRODUCTION, MEASURED IN LB","179,000,000"
SURVEY,1986,JAN THRU MAR,STATE,TENNESSEE,47,MILK,"MILK - PRODUCTION, MEASURED IN LB","532,000,000"
SURVEY,1986,JUL,STATE,TENNESSEE,47,MILK,"MILK - PRODUCTION, MEASURED IN LB","187,000,000"
SURVEY,1986,JUL THRU SEP,STATE,TENNESSEE,47,MILK,"MILK - PRODUCTION, MEASURED IN LB","555,000,000"
SURVEY,1986,JUN,STATE,TENNESSEE,47,MILK,"MILK - PRODUCTION, MEASURED IN LB","193,000,000"
SURVEY,1986,MAR,STATE,TENNESSEE,47,MILK,"MILK - PRODUCTION, MEASURED IN LB","187,000,000"
SURVEY,1986,MAY,STATE,TENNESSEE,47,MILK,"MILK - PRODUCTION, MEASURED IN LB","206,000,000"
SURVEY,1986,NOV,STATE,TENNESSEE,47,MILK,"MILK - PRODUCTION, MEASURED IN LB","173,000,000"
SURVEY,1986,OCT,STATE,TENNESSEE,47,MILK,"MILK - PRODUCTION, MEASURED IN LB","183,000,000"
SURVEY,1986,OCT THRU DEC,STATE,TENNESSEE,47,MILK,"MILK - PRODUCTION, MEASURED IN LB","531,000,000"
SURVEY,1986,SEP,STATE,TENNESSEE,47,MILK,"MILK - PRODUCTION, MEASURED IN LB","181,000,000"
SURVEY,1986,YEAR,STATE,TENNESSEE,47,MILK,"MILK - PRODUCTION, MEASURED IN LB","2,221,000,000"
SURVEY,1985,APR,STATE,TENNESSEE,47,MILK,"MILK - PRODUCTION, MEASURED IN LB","202,000,000"
SURVEY,1985,APR THRU JUN,STATE,TENNESSEE,47,MILK,"MILK - PRODUCTION, MEASURED IN LB","601,000,000"
SURVEY,1985,AUG,STATE,TENNESSEE,47,MILK,"MILK - PRODUCTION, MEASURED IN LB","189,000,000"
SURVEY,1985,DEC,STATE,TENNESSEE,47,MILK,"MILK - PRODUCTION, MEASURED IN LB","179,000,000"
SURVEY,1985,FEB,STATE,TENNESSEE,47,MILK,"MILK - PRODUCTION, MEASURED IN LB","162,000,000"
SURVEY,1985,JAN,STATE,TENNESSEE,47,MILK,"MILK - PRODUCTION, MEASURED IN LB","172,000,000"
SURVEY,1985,JAN THRU MAR,STATE,TENNESSEE,47,MILK,"MILK - PRODUCTION, MEASURED IN LB","519,000,000"
SURVEY,1985,JUL,STATE,TENNESSEE,47,MILK,"MILK - PRODUCTION, MEASURED IN LB","193,000,000"
SURVEY,1985,JUL THRU SEP,STATE,TENNESSEE,47,MILK,"MILK - PRODUCTION, MEASURED IN LB","567,000,000"
SURVEY,1985,JUN,STATE,TENNESSEE,47,MILK,"MILK - PRODUCTION, MEASURED IN LB","193,000,000"
SURVEY,1985,MAR,STATE,TENNESSEE,47,MILK,"MILK - PRODUCTION, MEASURED IN LB","185,000,000"
SURVEY,1985,MAY,STATE,TENNESSEE,47,MILK,"MILK - PRODUCTION, MEASURED IN LB","206,000,000"
SURVEY,1985,NOV,STATE,TENNESSEE,47,MILK,"MILK - PRODUCTION, MEASURED IN LB","176,000,000"
SURVEY,1985,OCT,STATE,TENNESSEE,47,MILK,"MILK - PRODUCTION, MEASURED IN LB","193,000,000"
SURVEY,1985,OCT THRU DEC,STATE,TENNESSEE,47,MILK,"MILK - PRODUCTION, MEASURED IN LB","548,000,000"
SURVEY,1985,SEP,STATE,TENNESSEE,47,MILK,"MILK - PRODUCTION, MEASURED IN LB","185,000,000"
SURVEY,1985,YEAR,STATE,TENNESSEE,47,MILK,"MILK - PRODUCTION, MEASURED IN LB","2,235,000,000"
SURVEY,1984,APR,STATE,TENNESSEE,47,MILK,"MILK - PRODUCTION, MEASURED IN LB","198,000,000"
SURVEY,1984,APR THRU JUN,STATE,TENNESSEE,47,MILK,"MILK - PRODUCTION, MEASURED IN LB","577,000,000"
SURVEY,1984,AUG,STATE,TENNESSEE,47,MILK,"MILK - PRODUCTION, MEASURED IN LB","179,000,000"
SURVEY,1984,DEC,STATE,TENNESSEE,47,MILK,"MILK - PRODUCTION, MEASURED IN LB","173,000,000"
SURVEY,1984,FEB,STATE,TENNESSEE,47,MILK,"MILK - PRODUCTION, MEASURED IN LB","165,000,000"
SURVEY,1984,JAN,STATE,TENNESSEE,47,MILK,"MILK - PRODUCTION, MEASURED IN LB","174,000,000"
SURVEY,1984,JAN THRU MAR,STATE,TENNESSEE,47,MILK,"MILK - PRODUCTION, MEASURED IN LB","520,000,000"
SURVEY,1984,JUL,STATE,TENNESSEE,47,MILK,"MILK - PRODUCTION, MEASURED IN LB","175,000,000"
SURVEY,1984,JUL THRU SEP,STATE,TENNESSEE,47,MILK,"MILK - PRODUCTION, MEASURED IN LB","531,000,000"
SURVEY,1984,JUN,STATE,TENNESSEE,47,MILK,"MILK - PRODUCTION, MEASURED IN LB","179,000,000"
SURVEY,1984,MAR,STATE,TENNESSEE,47,MILK,"MILK - PRODUCTION, MEASURED IN LB","181,000,000"
SURVEY,1984,MAY,STATE,TENNESSEE,47,MILK,"MILK - PRODUCTION, MEASURED IN LB","200,000,000"
SURVEY,1984,NOV,STATE,TENNESSEE,47,MILK,"MILK - PRODUCTION, MEASURED IN LB","171,000,000"
SURVEY,1984,OCT,STATE,TENNESSEE,47,MILK,"MILK - PRODUCTION, MEASURED IN LB","180,000,000"
SURVEY,1984,OCT THRU DEC,STATE,TENNESSEE,47,MILK,"MILK - PRODUCTION, MEASURED IN LB","524,000,000"
SURVEY,1984,SEP,STATE,TENNESSEE,47,MILK,"MILK - PRODUCTION, MEASURED IN LB","177,000,000"
SURVEY,1984,YEAR,STATE,TENNESSEE,47,MILK,"MILK - PRODUCTION, MEASURED IN LB","2,152,000,000"
SURVEY,1983,APR,STATE,TENNESSEE,47,MILK,"MILK - PRODUCTION, MEASURED IN LB","204,000,000"
SURVEY,1983,APR THRU JUN,STATE,TENNESSEE,47,MILK,"MILK - PRODUCTION, MEASURED IN LB","606,000,000"
SURVEY,1983,AUG,STATE,TENNESSEE,47,MILK,"MILK - PRODUCTION, MEASURED IN LB","184,000,000"
SURVEY,1983,DEC,STATE,TENNESSEE,47,MILK,"MILK - PRODUCTION, MEASURED IN LB","180,000,000"
SURVEY,1983,FEB,STATE,TENNESSEE,47,MILK,"MILK - PRODUCTION, MEASURED IN LB","174,000,000"
SURVEY,1983,JAN,STATE,TENNESSEE,47,MILK,"MILK - PRODUCTION, MEASURED IN LB","184,000,000"
SURVEY,1983,JAN THRU MAR,STATE,TENNESSEE,47,MILK,"MILK - PRODUCTION, MEASURED IN LB","553,000,000"
SURVEY,1983,JUL,STATE,TENNESSEE,47,MILK,"MILK - PRODUCTION, MEASURED IN LB","186,000,000"
SURVEY,1983,JUL THRU SEP,STATE,TENNESSEE,47,MILK,"MILK - PRODUCTION, MEASURED IN LB","550,000,000"
SURVEY,1983,JUN,STATE,TENNESSEE,47,MILK,"MILK - PRODUCTION, MEASURED IN LB","193,000,000"
SURVEY,1983,MAR,STATE,TENNESSEE,47,MILK,"MILK - PRODUCTION, MEASURED IN LB","195,000,000"
SURVEY,1983,MAY,STATE,TENNESSEE,47,MILK,"MILK - PRODUCTION, MEASURED IN LB","209,000,000"
SURVEY,1983,NOV,STATE,TENNESSEE,47,MILK,"MILK - PRODUCTION, MEASURED IN LB","175,000,000"
SURVEY,1983,OCT,STATE,TENNESSEE,47,MILK,"MILK - PRODUCTION, MEASURED IN LB","186,000,000"
SURVEY,1983,OCT THRU DEC,STATE,TENNESSEE,47,MILK,"MILK - PRODUCTION, MEASURED IN LB","541,000,000"
SURVEY,1983,SEP,STATE,TENNESSEE,47,MILK,"MILK - PRODUCTION, MEASURED IN LB","180,000,000"
SURVEY,1983,YEAR,STATE,TENNESSEE,47,MILK,"MILK - PRODUCTION, MEASURED IN LB","2,250,000,000"
SURVEY,1982,APR THRU JUN,STATE,TENNESSEE,47,MILK,"MILK - PRODUCTION, MEASURED IN LB","632,000,000"
SURVEY,1982,FEB,STATE,TENNESSEE,47,MILK,"MILK - PRODUCTION, MEASURED IN LB","170,000,000"
SURVEY,1982,JAN,STATE,TENNESSEE,47,MILK,"MILK - PRODUCTION, MEASURED IN LB","183,000,000"
SURVEY,1982,JAN THRU MAR,STATE,TENNESSEE,47,MILK,"MILK - PRODUCTION, MEASURED IN LB","544,000,000"
SURVEY,1982,JUL THRU SEP,STATE,TENNESSEE,47,MILK,"MILK - PRODUCTION, MEASURED IN LB","586,000,000"
SURVEY,1982,MAR,STATE,TENNESSEE,47,MILK,"MILK - PRODUCTION, MEASURED IN LB","191,000,000"
SURVEY,1982,OCT THRU DEC,STATE,TENNESSEE,47,MILK,"MILK - PRODUCTION, MEASURED IN LB","564,000,000"
SURVEY,1982,YEAR,STATE,TENNESSEE,47,MILK,"MILK - PRODUCTION, MEASURED IN LB","2,326,000,000"
SURVEY,1981,APR,STATE,TENNESSEE,47,MILK,"MILK - PRODUCTION, MEASURED IN LB","209,000,000"
SURVEY,1981,APR THRU JUN,STATE,TENNESSEE,47,MILK,"MILK - PRODUCTION, MEASURED IN LB","620,000,000"
SURVEY,1981,AUG,STATE,TENNESSEE,47,MILK,"MILK - PRODUCTION, MEASURED IN LB","197,000,000"
SURVEY,1981,DEC,STATE,TENNESSEE,47,MILK,"MILK - PRODUCTION, MEASURED IN LB","186,000,000"
SURVEY,1981,FEB,STATE,TENNESSEE,47,MILK,"MILK - PRODUCTION, MEASURED IN LB","170,000,000"
SURVEY,1981,JAN,STATE,TENNESSEE,47,MILK,"MILK - PRODUCTION, MEASURED IN LB","174,000,000"
SURVEY,1981,JAN THRU MAR,STATE,TENNESSEE,47,MILK,"MILK - PRODUCTION, MEASURED IN LB","538,000,000"
SURVEY,1981,JUL,STATE,TENNESSEE,47,MILK,"MILK - PRODUCTION, MEASURED IN LB","198,000,000"
SURVEY,1981,JUL THRU SEP,STATE,TENNESSEE,47,MILK,"MILK - PRODUCTION, MEASURED IN LB","585,000,000"
SURVEY,1981,JUN,STATE,TENNESSEE,47,MILK,"MILK - PRODUCTION, MEASURED IN LB","200,000,000"
SURVEY,1981,MAR,STATE,TENNESSEE,47,MILK,"MILK - PRODUCTION, MEASURED IN LB","194,000,000"
SURVEY,1981,MAY,STATE,TENNESSEE,47,MILK,"MILK - PRODUCTION, MEASURED IN LB","211,000,000"
SURVEY,1981,NOV,STATE,TENNESSEE,47,MILK,"MILK - PRODUCTION, MEASURED IN LB","178,000,000"
SURVEY,1981,OCT,STATE,TENNESSEE,47,MILK,"MILK - PRODUCTION, MEASURED IN LB","193,000,000"
SURVEY,1981,OCT THRU DEC,STATE,TENNESSEE,47,MILK,"MILK - PRODUCTION, MEASURED IN LB","557,000,000"
SURVEY,1981,SEP,STATE,TENNESSEE,47,MILK,"MILK - PRODUCTION, MEASURED IN LB","190,000,000"
SURVEY,1981,YEAR,STATE,TENNESSEE,47,MILK,"MILK - PRODUCTION, MEASURED IN LB","2,300,000,000"
SURVEY,1980,APR,STATE,TENNESSEE,47,MILK,"MILK - PRODUCTION, MEASURED IN LB","204,000,000"
SURVEY,1980,APR THRU JUN,STATE,TENNESSEE,47,MILK,"MILK - PRODUCTION, MEASURED IN LB","617,000,000"
SURVEY,1980,AUG,STATE,TENNESSEE,47,MILK,"MILK - PRODUCTION, MEASURED IN LB","186,000,000"
SURVEY,1980,DEC,STATE,TENNESSEE,47,MILK,"MILK - PRODUCTION, MEASURED IN LB","176,000,000"
SURVEY,1980,FEB,STATE,TENNESSEE,47,MILK,"MILK - PRODUCTION, MEASURED IN LB","171,000,000"
SURVEY,1980,JAN,STATE,TENNESSEE,47,MILK,"MILK - PRODUCTION, MEASURED IN LB","171,000,000"
SURVEY,1980,JAN THRU MAR,STATE,TENNESSEE,47,MILK,"MILK - PRODUCTION, MEASURED IN LB","529,000,000"
SURVEY,1980,JUL,STATE,TENNESSEE,47,MILK,"MILK - PRODUCTION, MEASURED IN LB","187,000,000"
SURVEY,1980,JUL THRU SEP,STATE,TENNESSEE,47,MILK,"MILK - PRODUCTION, MEASURED IN LB","557,000,000"
SURVEY,1980,JUN,STATE,TENNESSEE,47,MILK,"MILK - PRODUCTION, MEASURED IN LB","200,000,000"
SURVEY,1980,MAR,STATE,TENNESSEE,47,MILK,"MILK - PRODUCTION, MEASURED IN LB","187,000,000"
SURVEY,1980,MAY,STATE,TENNESSEE,47,MILK,"MILK - PRODUCTION, MEASURED IN LB","213,000,000"
SURVEY,1980,NOV,STATE,TENNESSEE,47,MILK,"MILK - PRODUCTION, MEASURED IN LB","174,000,000"
SURVEY,1980,OCT,STATE,TENNESSEE,47,MILK,"MILK - PRODUCTION, MEASURED IN LB","188,000,000"
SURVEY,1980,OCT THRU DEC,STATE,TENNESSEE,47,MILK,"MILK - PRODUCTION, MEASURED IN LB","538,000,000"
SURVEY,1980,SEP,STATE,TENNESSEE,47,MILK,"MILK - PRODUCTION, MEASURED IN LB","184,000,000"
SURVEY,1980,YEAR,STATE,TENNESSEE,47,MILK,"MILK - PRODUCTION, MEASURED IN LB","2,241,000,000"
SURVEY,1979,APR,STATE,TENNESSEE,47,MILK,"MILK - PRODUCTION, MEASURED IN LB","189,000,000"
SURVEY,1979,APR THRU JUN,STATE,TENNESSEE,47,MILK,"MILK - PRODUCTION, MEASURED IN LB","565,000,000"
SURVEY,1979,AUG,STATE,TENNESSEE,47,MILK,"MILK - PRODUCTION, MEASURED IN LB","176,000,000"
SURVEY,1979,DEC,STATE,TENNESSEE,47,MILK,"MILK - PRODUCTION, MEASURED IN LB","166,000,000"
SURVEY,1979,FEB,STATE,TENNESSEE,47,MILK,"MILK - PRODUCTION, MEASURED IN LB","150,000,000"
SURVEY,1979,JAN,STATE,TENNESSEE,47,MILK,"MILK - PRODUCTION, MEASURED IN LB","159,000,000"
SURVEY,1979,JAN THRU MAR,STATE,TENNESSEE,47,MILK,"MILK - PRODUCTION, MEASURED IN LB","485,000,000"
SURVEY,1979,JUL,STATE,TENNESSEE,47,MILK,"MILK - PRODUCTION, MEASURED IN LB","178,000,000"
SURVEY,1979,JUL THRU SEP,STATE,TENNESSEE,47,MILK,"MILK - PRODUCTION, MEASURED IN LB","526,000,000"
SURVEY,1979,JUN,STATE,TENNESSEE,47,MILK,"MILK - PRODUCTION, MEASURED IN LB","182,000,000"
SURVEY,1979,MAR,STATE,TENNESSEE,47,MILK,"MILK - PRODUCTION, MEASURED IN LB","176,000,000"
SURVEY,1979,MAY,STATE,TENNESSEE,47,MILK,"MILK - PRODUCTION, MEASURED IN LB","194,000,000"
SURVEY,1979,NOV,STATE,TENNESSEE,47,MILK,"MILK - PRODUCTION, MEASURED IN LB","168,000,000"
SURVEY,1979,OCT,STATE,TENNESSEE,47,MILK,"MILK - PRODUCTION, MEASURED IN LB","181,000,000"
SURVEY,1979,OCT THRU DEC,STATE,TENNESSEE,47,MILK,"MILK - PRODUCTION, MEASURED IN LB","515,000,000"
SURVEY,1979,SEP,STATE,TENNESSEE,47,MILK,"MILK - PRODUCTION, MEASURED IN LB","172,000,000"
SURVEY,1979,YEAR,STATE,TENNESSEE,47,MILK,"MILK - PRODUCTION, MEASURED IN LB","2,091,000,000"
SURVEY,1978,APR,STATE,TENNESSEE,47,MILK,"MILK - PRODUCTION, MEASURED IN LB","191,000,000"
SURVEY,1978,APR THRU JUN,STATE,TENNESSEE,47,MILK,"MILK - PRODUCTION, MEASURED IN LB","567,000,000"
SURVEY,1978,AUG,STATE,TENNESSEE,47,MILK,"MILK - PRODUCTION, MEASURED IN LB","177,000,000"
SURVEY,1978,DEC,STATE,TENNESSEE,47,MILK,"MILK - PRODUCTION, MEASURED IN LB","157,000,000"
SURVEY,1978,FEB,STATE,TENNESSEE,47,MILK,"MILK - PRODUCTION, MEASURED IN LB","149,000,000"
SURVEY,1978,JAN,STATE,TENNESSEE,47,MILK,"MILK - PRODUCTION, MEASURED IN LB","161,000,000"
SURVEY,1978,JAN THRU MAR,STATE,TENNESSEE,47,MILK,"MILK - PRODUCTION, MEASURED IN LB","485,000,000"
SURVEY,1978,JUL,STATE,TENNESSEE,47,MILK,"MILK - PRODUCTION, MEASURED IN LB","172,000,000"
SURVEY,1978,JUL THRU SEP,STATE,TENNESSEE,47,MILK,"MILK - PRODUCTION, MEASURED IN LB","525,000,000"
SURVEY,1978,JUN,STATE,TENNESSEE,47,MILK,"MILK - PRODUCTION, MEASURED IN LB","180,000,000"
SURVEY,1978,MAR,STATE,TENNESSEE,47,MILK,"MILK - PRODUCTION, MEASURED IN LB","175,000,000"
SURVEY,1978,MAY,STATE,TENNESSEE,47,MILK,"MILK - PRODUCTION, MEASURED IN LB","196,000,000"
SURVEY,1978,NOV,STATE,TENNESSEE,47,MILK,"MILK - PRODUCTION, MEASURED IN LB","160,000,000"
SURVEY,1978,OCT,STATE,TENNESSEE,47,MILK,"MILK - PRODUCTION, MEASURED IN LB","179,000,000"
SURVEY,1978,OCT THRU DEC,STATE,TENNESSEE,47,MILK,"MILK - PRODUCTION, MEASURED IN LB","496,000,000"
SURVEY,1978,SEP,STATE,TENNESSEE,47,MILK,"MILK - PRODUCTION, MEASURED IN LB","176,000,000"
SURVEY,1978,YEAR,STATE,TENNESSEE,47,MILK,"MILK - PRODUCTION, MEASURED IN LB","2,073,000,000"
SURVEY,1977,APR,STATE,TENNESSEE,47,MILK,"MILK - PRODUCTION, MEASURED IN LB","196,000,000"
SURVEY,1977,APR THRU JUN,STATE,TENNESSEE,47,MILK,"MILK - PRODUCTION, MEASURED IN LB","595,000,000"
SURVEY,1977,AUG,STATE,TENNESSEE,47,MILK,"MILK - PRODUCTION, MEASURED IN LB","191,000,000"
SURVEY,1977,DEC,STATE,TENNESSEE,47,MILK,"MILK - PRODUCTION, MEASURED IN LB","170,000,000"
SURVEY,1977,FEB,STATE,TENNESSEE,47,MILK,"MILK - PRODUCTION, MEASURED IN LB","151,000,000"
SURVEY,1977,JAN,STATE,TENNESSEE,47,MILK,"MILK - PRODUCTION, MEASURED IN LB","162,000,000"
SURVEY,1977,JAN THRU MAR,STATE,TENNESSEE,47,MILK,"MILK - PRODUCTION, MEASURED IN LB","491,000,000"
SURVEY,1977,JUL,STATE,TENNESSEE,47,MILK,"MILK - PRODUCTION, MEASURED IN LB","189,000,000"
SURVEY,1977,JUL THRU SEP,STATE,TENNESSEE,47,MILK,"MILK - PRODUCTION, MEASURED IN LB","568,000,000"
SURVEY,1977,JUN,STATE,TENNESSEE,47,MILK,"MILK - PRODUCTION, MEASURED IN LB","193,000,000"
SURVEY,1977,MAR,STATE,TENNESSEE,47,MILK,"MILK - PRODUCTION, MEASURED IN LB","178,000,000"
SURVEY,1977,MAY,STATE,TENNESSEE,47,MILK,"MILK - PRODUCTION, MEASURED IN LB","206,000,000"
SURVEY,1977,NOV,STATE,TENNESSEE,47,MILK,"MILK - PRODUCTION, MEASURED IN LB","170,000,000"
SURVEY,1977,OCT,STATE,TENNESSEE,47,MILK,"MILK - PRODUCTION, MEASURED IN LB","187,000,000"
SURVEY,1977,OCT THRU DEC,STATE,TENNESSEE,47,MILK,"MILK - PRODUCTION, MEASURED IN LB","527,000,000"
SURVEY,1977,SEP,STATE,TENNESSEE,47,MILK,"MILK - PRODUCTION, MEASURED IN LB","188,000,000"
SURVEY,1977,YEAR,STATE,TENNESSEE,47,MILK,"MILK - PRODUCTION, MEASURED IN LB","2,181,000,000"
SURVEY,1976,APR,STATE,TENNESSEE,47,MILK,"MILK - PRODUCTION, MEASURED IN LB","192,000,000"
SURVEY,1976,APR THRU JUN,STATE,TENNESSEE,47,MILK,"MILK - PRODUCTION, MEASURED IN LB","575,000,000"
SURVEY,1976,AUG,STATE,TENNESSEE,47,MILK,"MILK - PRODUCTION, MEASURED IN LB","184,000,000"
SURVEY,1976,DEC,STATE,TENNESSEE,47,MILK,"MILK - PRODUCTION, MEASURED IN LB","159,000,000"
SURVEY,1976,FEB,STATE,TENNESSEE,47,MILK,"MILK - PRODUCTION, MEASURED IN LB","153,000,000"
SURVEY,1976,JAN,STATE,TENNESSEE,47,MILK,"MILK - PRODUCTION, MEASURED IN LB","151,000,000"
SURVEY,1976,JAN THRU MAR,STATE,TENNESSEE,47,MILK,"MILK - PRODUCTION, MEASURED IN LB","480,000,000"
SURVEY,1976,JUL,STATE,TENNESSEE,47,MILK,"MILK - PRODUCTION, MEASURED IN LB","181,000,000"
SURVEY,1976,JUL THRU SEP,STATE,TENNESSEE,47,MILK,"MILK - PRODUCTION, MEASURED IN LB","544,000,000"
SURVEY,1976,JUN,STATE,TENNESSEE,47,MILK,"MILK - PRODUCTION, MEASURED IN LB","188,000,000"
SURVEY,1976,MAR,STATE,TENNESSEE,47,MILK,"MILK - PRODUCTION, MEASURED IN LB","176,000,000"
SURVEY,1976,MAY,STATE,TENNESSEE,47,MILK,"MILK - PRODUCTION, MEASURED IN LB","195,000,000"
SURVEY,1976,NOV,STATE,TENNESSEE,47,MILK,"MILK - PRODUCTION, MEASURED IN LB","162,000,000"
SURVEY,1976,OCT,STATE,TENNESSEE,47,MILK,"MILK - PRODUCTION, MEASURED IN LB","176,000,000"
SURVEY,1976,OCT THRU DEC,STATE,TENNESSEE,47,MILK,"MILK - PRODUCTION, MEASURED IN LB","497,000,000"
SURVEY,1976,SEP,STATE,TENNESSEE,47,MILK,"MILK - PRODUCTION, MEASURED IN LB","179,000,000"
SURVEY,1976,YEAR,STATE,TENNESSEE,47,MILK,"MILK - PRODUCTION, MEASURED IN LB","2,096,000,000"
SURVEY,1975,APR,STATE,TENNESSEE,47,MILK,"MILK - PRODUCTION, MEASURED IN LB","184,000,000"
SURVEY,1975,APR THRU JUN,STATE,TENNESSEE,47,MILK,"MILK - PRODUCTION, MEASURED IN LB","557,000,000"
SURVEY,1975,AUG,STATE,TENNESSEE,47,MILK,"MILK - PRODUCTION, MEASURED IN LB","177,000,000"
SURVEY,1975,DEC,STATE,TENNESSEE,47,MILK,"MILK - PRODUCTION, MEASURED IN LB","156,000,000"
SURVEY,1975,FEB,STATE,TENNESSEE,47,MILK,"MILK - PRODUCTION, MEASURED IN LB","144,000,000"
SURVEY,1975,JAN,STATE,TENNESSEE,47,MILK,"MILK - PRODUCTION, MEASURED IN LB","149,000,000"
SURVEY,1975,JAN THRU MAR,STATE,TENNESSEE,47,MILK,"MILK - PRODUCTION, MEASURED IN LB","462,000,000"
SURVEY,1975,JUL,STATE,TENNESSEE,47,MILK,"MILK - PRODUCTION, MEASURED IN LB","180,000,000"
SURVEY,1975,JUL THRU SEP,STATE,TENNESSEE,47,MILK,"MILK - PRODUCTION, MEASURED IN LB","531,000,000"
SURVEY,1975,JUN,STATE,TENNESSEE,47,MILK,"MILK - PRODUCTION, MEASURED IN LB","185,000,000"
SURVEY,1975,MAR,STATE,TENNESSEE,47,MILK,"MILK - PRODUCTION, MEASURED IN LB","169,000,000"
SURVEY,1975,MAY,STATE,TENNESSEE,47,MILK,"MILK - PRODUCTION, MEASURED IN LB","188,000,000"
SURVEY,1975,NOV,STATE,TENNESSEE,47,MILK,"MILK - PRODUCTION, MEASURED IN LB","157,000,000"
SURVEY,1975,OCT,STATE,TENNESSEE,47,MILK,"MILK - PRODUCTION, MEASURED IN LB","168,000,000"
SURVEY,1975,OCT THRU DEC,STATE,TENNESSEE,47,MILK,"MILK - PRODUCTION, MEASURED IN LB","481,000,000"
SURVEY,1975,SEP,STATE,TENNESSEE,47,MILK,"MILK - PRODUCTION, MEASURED IN LB","174,000,000"
SURVEY,1975,YEAR,STATE,TENNESSEE,47,MILK,"MILK - PRODUCTION, MEASURED IN LB","2,031,000,000"
SURVEY,1974,APR,STATE,TENNESSEE,47,MILK,"MILK - PRODUCTION, MEASURED IN LB","177,000,000"
SURVEY,1974,APR THRU JUN,STATE,TENNESSEE,47,MILK,"MILK - PRODUCTION, MEASURED IN LB","538,000,000"
SURVEY,1974,AUG,STATE,TENNESSEE,47,MILK,"MILK - PRODUCTION, MEASURED IN LB","174,000,000"
SURVEY,1974,DEC,STATE,TENNESSEE,47,MILK,"MILK - PRODUCTION, MEASURED IN LB","152,000,000"
SURVEY,1974,FEB,STATE,TENNESSEE,47,MILK,"MILK - PRODUCTION, MEASURED IN LB","136,000,000"
SURVEY,1974,JAN,STATE,TENNESSEE,47,MILK,"MILK - PRODUCTION, MEASURED IN LB","144,000,000"
SURVEY,1974,JAN THRU MAR,STATE,TENNESSEE,47,MILK,"MILK - PRODUCTION, MEASURED IN LB","442,000,000"
SURVEY,1974,JUL,STATE,TENNESSEE,47,MILK,"MILK - PRODUCTION, MEASURED IN LB","177,000,000"
SURVEY,1974,JUL THRU SEP,STATE,TENNESSEE,47,MILK,"MILK - PRODUCTION, MEASURED IN LB","522,000,000"
SURVEY,1974,JUN,STATE,TENNESSEE,47,MILK,"MILK - PRODUCTION, MEASURED IN LB","178,000,000"
SURVEY,1974,MAR,STATE,TENNESSEE,47,MILK,"MILK - PRODUCTION, MEASURED IN LB","162,000,000"
SURVEY,1974,MAY,STATE,TENNESSEE,47,MILK,"MILK - PRODUCTION, MEASURED IN LB","183,000,000"
SURVEY,1974,NOV,STATE,TENNESSEE,47,MILK,"MILK - PRODUCTION, MEASURED IN LB","152,000,000"
SURVEY,1974,OCT,STATE,TENNESSEE,47,MILK,"MILK - PRODUCTION, MEASURED IN LB","165,000,000"
SURVEY,1974,OCT THRU DEC,STATE,TENNESSEE,47,MILK,"MILK - PRODUCTION, MEASURED IN LB","469,000,000"
SURVEY,1974,SEP,STATE,TENNESSEE,47,MILK,"MILK - PRODUCTION, MEASURED IN LB","171,000,000"
SURVEY,1974,YEAR,STATE,TENNESSEE,47,MILK,"MILK - PRODUCTION, MEASURED IN LB","1,971,000,000"
SURVEY,1973,APR,STATE,TENNESSEE,47,MILK,"MILK - PRODUCTION, MEASURED IN LB","188,000,000"
SURVEY,1973,APR THRU JUN,STATE,TENNESSEE,47,MILK,"MILK - PRODUCTION, MEASURED IN LB","576,000,000"
SURVEY,1973,AUG,STATE,TENNESSEE,47,MILK,"MILK - PRODUCTION, MEASURED IN LB","182,000,000"
SURVEY,1973,DEC,STATE,TENNESSEE,47,MILK,"MILK - PRODUCTION, MEASURED IN LB","151,000,000"
SURVEY,1973,FEB,STATE,TENNESSEE,47,MILK,"MILK - PRODUCTION, MEASURED IN LB","148,000,000"
SURVEY,1973,JAN,STATE,TENNESSEE,47,MILK,"MILK - PRODUCTION, MEASURED IN LB","161,000,000"
SURVEY,1973,JAN THRU MAR,STATE,TENNESSEE,47,MILK,"MILK - PRODUCTION, MEASURED IN LB","482,000,000"
SURVEY,1973,JUL,STATE,TENNESSEE,47,MILK,"MILK - PRODUCTION, MEASURED IN LB","184,000,000"
SURVEY,1973,JUL THRU SEP,STATE,TENNESSEE,47,MILK,"MILK - PRODUCTION, MEASURED IN LB","535,000,000"
SURVEY,1973,JUN,STATE,TENNESSEE,47,MILK,"MILK - PRODUCTION, MEASURED IN LB","190,000,000"
SURVEY,1973,MAR,STATE,TENNESSEE,47,MILK,"MILK - PRODUCTION, MEASURED IN LB","173,000,000"
SURVEY,1973,MAY,STATE,TENNESSEE,47,MILK,"MILK - PRODUCTION, MEASURED IN LB","198,000,000"
SURVEY,1973,NOV,STATE,TENNESSEE,47,MILK,"MILK - PRODUCTION, MEASURED IN LB","154,000,000"
SURVEY,1973,OCT,STATE,TENNESSEE,47,MILK,"MILK - PRODUCTION, MEASURED IN LB","159,000,000"
SURVEY,1973,OCT THRU DEC,STATE,TENNESSEE,47,MILK,"MILK - PRODUCTION, MEASURED IN LB","464,000,000"
SURVEY,1973,SEP,STATE,TENNESSEE,47,MILK,"MILK - PRODUCTION, MEASURED IN LB","169,000,000"
SURVEY,1973,YEAR,STATE,TENNESSEE,47,MILK,"MILK - PRODUCTION, MEASURED IN LB","2,057,000,000"
SURVEY,1972,APR,STATE,TENNESSEE,47,MILK,"MILK - PRODUCTION, MEASURED IN LB","192,000,000"
SURVEY,1972,APR THRU JUN,STATE,TENNESSEE,47,MILK,"MILK - PRODUCTION, MEASURED IN LB","616,000,000"
SURVEY,1972,AUG,STATE,TENNESSEE,47,MILK,"MILK - PRODUCTION, MEASURED IN LB","202,000,000"
SURVEY,1972,DEC,STATE,TENNESSEE,47,MILK,"MILK - PRODUCTION, MEASURED IN LB","174,000,000"
SURVEY,1972,FEB,STATE,TENNESSEE,47,MILK,"MILK - PRODUCTION, MEASURED IN LB","149,000,000"
SURVEY,1972,JAN,STATE,TENNESSEE,47,MILK,"MILK - PRODUCTION, MEASURED IN LB","158,000,000"
SURVEY,1972,JAN THRU MAR,STATE,TENNESSEE,47,MILK,"MILK - PRODUCTION, MEASURED IN LB","476,000,000"
SURVEY,1972,JUL,STATE,TENNESSEE,47,MILK,"MILK - PRODUCTION, MEASURED IN LB","202,000,000"
SURVEY,1972,JUL THRU SEP,STATE,TENNESSEE,47,MILK,"MILK - PRODUCTION, MEASURED IN LB","592,000,000"
SURVEY,1972,JUN,STATE,TENNESSEE,47,MILK,"MILK - PRODUCTION, MEASURED IN LB","208,000,000"
SURVEY,1972,MAR,STATE,TENNESSEE,47,MILK,"MILK - PRODUCTION, MEASURED IN LB","169,000,000"
SURVEY,1972,MAY,STATE,TENNESSEE,47,MILK,"MILK - PRODUCTION, MEASURED IN LB","216,000,000"
SURVEY,1972,NOV,STATE,TENNESSEE,47,MILK,"MILK - PRODUCTION, MEASURED IN LB","176,000,000"
SURVEY,1972,OCT,STATE,TENNESSEE,47,MILK,"MILK - PRODUCTION, MEASURED IN LB","183,000,000"
SURVEY,1972,OCT THRU DEC,STATE,TENNESSEE,47,MILK,"MILK - PRODUCTION, MEASURED IN LB","533,000,000"
SURVEY,1972,SEP,STATE,TENNESSEE,47,MILK,"MILK - PRODUCTION, MEASURED IN LB","188,000,000"
SURVEY,1972,YEAR,STATE,TENNESSEE,47,MILK,"MILK - PRODUCTION, MEASURED IN LB","2,217,000,000"
